"Model","Indicator","Loading"
"Supervisor_RPM","Super_Organization",0.87284149869848
"Supervisor_RPM","Super_Physical",0.872786035097897
"Supervisor_RPM","Super_Visual",0.332957803954992
"Supervisor_RPM","Super_Vocal",0.933718974999979
"Peer_RPM","Peer_Organization",0.890508416227485
"Peer_RPM","Peer_Physical",0.800921633002609
"Peer_RPM","Peer_Visual",0.485513191437645
"Peer_RPM","Peer_Vocal",0.902092245865208
"Supervisor_GRS","Super_Organization",0.799730529739954
"Supervisor_GRS","Super_Physical",0.887617951191427
"Supervisor_GRS","Super_Visual",0.397902742732074
"Supervisor_GRS","Super_Vocal",0.946369037721071
"Peer_GRS","Peer_Organization",0.662265828990343
"Peer_GRS","Peer_Physical",0.843626357496792
"Peer_GRS","Peer_Visual",0.451814660747993
"Peer_GRS","Peer_Vocal",0.918967674191699
